{"cameraMode":{"drawMode":0,"name":"Shaded","section":"Shading Mode"},"sceneLighting":true,"audioPlay":false,"sceneViewState":{"m_AlwaysRefresh":false,"showFog":true,"showSkybox":true,"showFlares":true,"showImageEffects":true,"showParticleSystems":true,"showVisualEffectGraphs":true,"m_FxEnabled":true},"in2DMode":false,"pivot":{"x":19.39443016052246,"y":3.7634716033935549,"z":26.32636833190918},"rotation":{"x":0.052631326019763949,"y":0.22132089734077454,"z":-0.011962964199483395,"w":0.9737064242362976},"size":2.8747594356536867,"orthographic":false}