{"cameraMode":{"drawMode":0,"name":"Shaded","section":"Shading Mode"},"sceneLighting":false,"audioPlay":false,"sceneViewState":{"m_AlwaysRefresh":false,"showFog":true,"showSkybox":false,"showFlares":true,"showImageEffects":true,"showParticleSystems":true,"showVisualEffectGraphs":true,"m_FxEnabled":true},"in2DMode":false,"pivot":{"x":0.0025982260704040529,"y":0.6449939012527466,"z":0.14062261581420899},"rotation":{"x":-0.007488422095775604,"y":0.962113618850708,"z":-0.2712513208389282,"w":-0.026561034843325616},"size":2.5395867824554445,"orthographic":false}