{"cameraMode":{"drawMode":0,"name":"Shaded","section":"Shading Mode"},"sceneLighting":true,"audioPlay":false,"sceneViewState":{"m_AlwaysRefresh":false,"showFog":true,"showSkybox":true,"showFlares":true,"showImageEffects":true,"showParticleSystems":true,"showVisualEffectGraphs":true,"m_FxEnabled":true},"in2DMode":false,"pivot":{"x":0.20348221063613892,"y":0.4994088411331177,"z":-1.1163641214370728},"rotation":{"x":0.026086844503879548,"y":0.7516136169433594,"z":-0.029779529199004175,"w":0.6584160923957825},"size":5.436298370361328,"orthographic":false}