{"cameraMode":{"drawMode":0,"name":"Shaded","section":"Shading Mode"},"sceneLighting":false,"audioPlay":false,"sceneViewState":{"m_AlwaysRefresh":false,"showFog":true,"showSkybox":false,"showFlares":true,"showImageEffects":true,"showParticleSystems":true,"showVisualEffectGraphs":true,"m_FxEnabled":true},"in2DMode":false,"pivot":{"x":-3.5162136554718019,"y":4.270859718322754,"z":8.770729064941407},"rotation":{"x":0.10222146660089493,"y":-0.8900049328804016,"z":0.24574141204357148,"w":0.37021613121032717},"size":7.7234063148498539,"orthographic":false}