{"cameraMode":{"drawMode":0,"name":"Shaded","section":"Shading Mode"},"sceneLighting":false,"audioPlay":false,"sceneViewState":{"m_AlwaysRefresh":false,"showFog":true,"showSkybox":false,"showFlares":true,"showImageEffects":true,"showParticleSystems":true,"showVisualEffectGraphs":true,"m_FxEnabled":true},"in2DMode":false,"pivot":{"x":10.644935607910157,"y":1.2988512516021729,"z":-0.36478978395462038},"rotation":{"x":-0.14394915103912354,"y":-0.3397699296474457,"z":0.052705977112054828,"w":-0.9279398322105408},"size":0.3864857852458954,"orthographic":false}