{"cameraMode":{"drawMode":0,"name":"Shaded","section":"Shading Mode"},"sceneLighting":false,"audioPlay":false,"sceneViewState":{"m_AlwaysRefresh":false,"showFog":true,"showSkybox":false,"showFlares":true,"showImageEffects":true,"showParticleSystems":true,"showVisualEffectGraphs":true,"m_FxEnabled":true},"in2DMode":false,"pivot":{"x":3.2344303131103517,"y":10.623311042785645,"z":34.236366271972659},"rotation":{"x":-0.10621872544288635,"y":0.718614935874939,"z":-0.11258752644062042,"w":-0.6779646277427673},"size":13.666313171386719,"orthographic":false}